iteration,algorithm,config,nash_conv,wall_time_sec,iterations_per_sec
50000,SIMPLE,External Sampling,0.017624,2098.1,24
50000,FULL,External Sampling + Reach-Prob Weighting,0.017255,2098.1,24
50000,True LCFR,"DCFR(1, 1, 1)",0.012453,2098.1,24
50000,SOTA DCFR,"DCFR(1.5, 0, 2)",0.026125,2098.1,24
50000,CFR+ Approx,"DCFR(∞, ∞, 2)",0.069016,2098.1,24
50000,"DCFR(0,0,1)","DCFR(0, 0, 1)",0.272218,2098.1,24
100000,SIMPLE,External Sampling,0.008860,4307.0,23
100000,FULL,External Sampling + Reach-Prob Weighting,0.012467,4307.0,23
100000,True LCFR,"DCFR(1, 1, 1)",0.004392,4307.0,23
100000,SOTA DCFR,"DCFR(1.5, 0, 2)",0.017593,4307.0,23
100000,CFR+ Approx,"DCFR(∞, ∞, 2)",0.014450,4307.0,23
100000,"DCFR(0,0,1)","DCFR(0, 0, 1)",0.270222,4307.0,23
150000,SIMPLE,External Sampling,0.009306,6564.2,23
150000,FULL,External Sampling + Reach-Prob Weighting,0.008219,6564.2,23
150000,True LCFR,"DCFR(1, 1, 1)",0.006340,6564.2,23
150000,SOTA DCFR,"DCFR(1.5, 0, 2)",0.015878,6564.2,23
150000,CFR+ Approx,"DCFR(∞, ∞, 2)",0.033388,6564.2,23
150000,"DCFR(0,0,1)","DCFR(0, 0, 1)",0.269560,6564.2,23
200000,SIMPLE,External Sampling,0.008792,8843.6,23
200000,FULL,External Sampling + Reach-Prob Weighting,0.006874,8843.6,23
200000,True LCFR,"DCFR(1, 1, 1)",0.006946,8843.6,23
200000,SOTA DCFR,"DCFR(1.5, 0, 2)",0.015377,8843.6,23
200000,CFR+ Approx,"DCFR(∞, ∞, 2)",0.038380,8843.6,23
200000,"DCFR(0,0,1)","DCFR(0, 0, 1)",0.270281,8843.6,23
250000,SIMPLE,External Sampling,0.008098,11120.1,22
250000,FULL,External Sampling + Reach-Prob Weighting,0.005581,11120.1,22
250000,True LCFR,"DCFR(1, 1, 1)",0.005635,11120.1,22
250000,SOTA DCFR,"DCFR(1.5, 0, 2)",0.012955,11120.1,22
250000,CFR+ Approx,"DCFR(∞, ∞, 2)",0.016607,11120.1,22
250000,"DCFR(0,0,1)","DCFR(0, 0, 1)",0.272176,11120.1,22
300000,SIMPLE,External Sampling,0.012878,13395.5,22
300000,FULL,External Sampling + Reach-Prob Weighting,0.006530,13395.5,22
300000,True LCFR,"DCFR(1, 1, 1)",0.003978,13395.5,22
300000,SOTA DCFR,"DCFR(1.5, 0, 2)",0.012496,13395.5,22
300000,CFR+ Approx,"DCFR(∞, ∞, 2)",0.070044,13395.5,22
300000,"DCFR(0,0,1)","DCFR(0, 0, 1)",0.272450,13395.5,22
350000,SIMPLE,External Sampling,0.014737,15651.9,22
350000,FULL,External Sampling + Reach-Prob Weighting,0.006107,15651.9,22
350000,True LCFR,"DCFR(1, 1, 1)",0.003430,15651.9,22
350000,SOTA DCFR,"DCFR(1.5, 0, 2)",0.010469,15651.9,22
350000,CFR+ Approx,"DCFR(∞, ∞, 2)",0.010627,15651.9,22
350000,"DCFR(0,0,1)","DCFR(0, 0, 1)",0.272350,15651.9,22
400000,SIMPLE,External Sampling,0.016378,17915.0,22
400000,FULL,External Sampling + Reach-Prob Weighting,0.004832,17915.0,22
400000,True LCFR,"DCFR(1, 1, 1)",0.003507,17915.0,22
400000,SOTA DCFR,"DCFR(1.5, 0, 2)",0.011808,17915.0,22
400000,CFR+ Approx,"DCFR(∞, ∞, 2)",0.010831,17915.0,22
400000,"DCFR(0,0,1)","DCFR(0, 0, 1)",0.271068,17915.0,22
450000,SIMPLE,External Sampling,0.014494,20161.9,22
450000,FULL,External Sampling + Reach-Prob Weighting,0.004795,20161.9,22
450000,True LCFR,"DCFR(1, 1, 1)",0.006051,20161.9,22
450000,SOTA DCFR,"DCFR(1.5, 0, 2)",0.011292,20161.9,22
450000,CFR+ Approx,"DCFR(∞, ∞, 2)",0.019112,20161.9,22
450000,"DCFR(0,0,1)","DCFR(0, 0, 1)",0.271425,20161.9,22
500000,SIMPLE,External Sampling,0.015134,22415.5,22
500000,FULL,External Sampling + Reach-Prob Weighting,0.004811,22415.5,22
500000,True LCFR,"DCFR(1, 1, 1)",0.006114,22415.5,22
500000,SOTA DCFR,"DCFR(1.5, 0, 2)",0.010830,22415.5,22
500000,CFR+ Approx,"DCFR(∞, ∞, 2)",0.004688,22415.5,22
500000,"DCFR(0,0,1)","DCFR(0, 0, 1)",0.271323,22415.5,22
550000,SIMPLE,External Sampling,0.016596,24659.0,22
550000,FULL,External Sampling + Reach-Prob Weighting,0.003796,24659.0,22
550000,True LCFR,"DCFR(1, 1, 1)",0.006133,24659.0,22
550000,SOTA DCFR,"DCFR(1.5, 0, 2)",0.009509,24659.0,22
550000,CFR+ Approx,"DCFR(∞, ∞, 2)",0.025432,24659.0,22
550000,"DCFR(0,0,1)","DCFR(0, 0, 1)",0.271550,24659.0,22
600000,SIMPLE,External Sampling,0.017237,26922.0,22
600000,FULL,External Sampling + Reach-Prob Weighting,0.003539,26922.0,22
600000,True LCFR,"DCFR(1, 1, 1)",0.006176,26922.0,22
600000,SOTA DCFR,"DCFR(1.5, 0, 2)",0.008700,26922.0,22
600000,CFR+ Approx,"DCFR(∞, ∞, 2)",0.058122,26922.0,22
600000,"DCFR(0,0,1)","DCFR(0, 0, 1)",0.271798,26922.0,22
650000,SIMPLE,External Sampling,0.003958,29222.6,22
650000,FULL,External Sampling + Reach-Prob Weighting,0.003789,29222.6,22
650000,True LCFR,"DCFR(1, 1, 1)",0.004251,29222.6,22
650000,SOTA DCFR,"DCFR(1.5, 0, 2)",0.008248,29222.6,22
650000,CFR+ Approx,"DCFR(∞, ∞, 2)",0.016100,29222.6,22
650000,"DCFR(0,0,1)","DCFR(0, 0, 1)",0.272069,29222.6,22
700000,SIMPLE,External Sampling,0.003517946628705332,0.026519298553466797,0.0
700000,FULL,External Sampling + Reach-Prob Weighting,0.004388533907122655,0.026519298553466797,0.0
700000,True LCFR,"DCFR(1, 1, 1)",0.0034477591442326205,0.026519298553466797,0.0
700000,SOTA DCFR,"DCFR(1.5, 0, 2)",0.0074486880466062555,0.026519298553466797,0.0
700000,CFR+ Approx,"DCFR(∞, ∞, 2)",0.0079874327922696,0.026519298553466797,0.0
700000,"DCFR(0,0,1)","DCFR(0, 0, 1)",0.27236955199826857,0.026519298553466797,0.0
750000,SIMPLE,External Sampling,0.003246612577825575,2155.956119298935,23.191566633674714
750000,FULL,External Sampling + Reach-Prob Weighting,0.003678655050490226,2155.956119298935,23.191566633674714
750000,True LCFR,"DCFR(1, 1, 1)",0.0033681744745910347,2155.956119298935,23.191566633674714
750000,SOTA DCFR,"DCFR(1.5, 0, 2)",0.007235019870071857,2155.956119298935,23.191566633674714
750000,CFR+ Approx,"DCFR(∞, ∞, 2)",0.006623322266738646,2155.956119298935,23.191566633674714
750000,"DCFR(0,0,1)","DCFR(0, 0, 1)",0.2713523236936593,2155.956119298935,23.191566633674714
800000,SIMPLE,External Sampling,0.003452954853054385,4352.943746089935,22.972959411622483
800000,FULL,External Sampling + Reach-Prob Weighting,0.0032033310318678176,4352.943746089935,22.972959411622483
800000,True LCFR,"DCFR(1, 1, 1)",0.002233115665089852,4352.943746089935,22.972959411622483
800000,SOTA DCFR,"DCFR(1.5, 0, 2)",0.007145748161916654,4352.943746089935,22.972959411622483
800000,CFR+ Approx,"DCFR(∞, ∞, 2)",0.010585313614992597,4352.943746089935,22.972959411622483
800000,"DCFR(0,0,1)","DCFR(0, 0, 1)",0.27146468356302755,4352.943746089935,22.972959411622483
850000,SIMPLE,External Sampling,0.002967935038808961,6560.134392499924,22.865385223127767
850000,FULL,External Sampling + Reach-Prob Weighting,0.0035394966570053144,6560.134392499924,22.865385223127767
850000,True LCFR,"DCFR(1, 1, 1)",0.0028207011723098696,6560.134392499924,22.865385223127767
850000,SOTA DCFR,"DCFR(1.5, 0, 2)",0.006516367588025984,6560.134392499924,22.865385223127767
850000,CFR+ Approx,"DCFR(∞, ∞, 2)",0.019446341514822413,6560.134392499924,22.865385223127767
850000,"DCFR(0,0,1)","DCFR(0, 0, 1)",0.27179319382847733,6560.134392499924,22.865385223127767
900000,SIMPLE,External Sampling,0.002992832028001574,8801.431624889374,22.72357595035158
900000,FULL,External Sampling + Reach-Prob Weighting,0.002562121944988144,8801.431624889374,22.72357595035158
900000,True LCFR,"DCFR(1, 1, 1)",0.0031720333643163456,8801.431624889374,22.72357595035158
900000,SOTA DCFR,"DCFR(1.5, 0, 2)",0.007013317962446808,8801.431624889374,22.72357595035158
900000,CFR+ Approx,"DCFR(∞, ∞, 2)",0.014660962743320238,8801.431624889374,22.72357595035158
900000,"DCFR(0,0,1)","DCFR(0, 0, 1)",0.27173791663132446,8801.431624889374,22.72357595035158
950000,SIMPLE,External Sampling,0.002972156162938916,11050.68809223175,22.623025635457154
950000,FULL,External Sampling + Reach-Prob Weighting,0.0029545162511485923,11050.68809223175,22.623025635457154
950000,True LCFR,"DCFR(1, 1, 1)",0.0028309407704877054,11050.68809223175,22.623025635457154
950000,SOTA DCFR,"DCFR(1.5, 0, 2)",0.00746105227483837,11050.68809223175,22.623025635457154
950000,CFR+ Approx,"DCFR(∞, ∞, 2)",0.006737254735890458,11050.68809223175,22.623025635457154
950000,"DCFR(0,0,1)","DCFR(0, 0, 1)",0.2718290945638542,11050.68809223175,22.623025635457154
1000000,SIMPLE,External Sampling,0.0027499692134129172,13202.041890621185,22.7237576191242
1000000,FULL,External Sampling + Reach-Prob Weighting,0.002669626923048729,13202.041890621185,22.7237576191242
1000000,True LCFR,"DCFR(1, 1, 1)",0.0032534716765546534,13202.041890621185,22.7237576191242
1000000,SOTA DCFR,"DCFR(1.5, 0, 2)",0.007378100027299328,13202.041890621185,22.7237576191242
1000000,CFR+ Approx,"DCFR(∞, ∞, 2)",0.004714793248734583,13202.041890621185,22.7237576191242
1000000,"DCFR(0,0,1)","DCFR(0, 0, 1)",0.27150572559967834,13202.041890621185,22.7237576191242